Subject,Start Date,Start Time,End Date,End Time,All Day Event,Description,Location,Private
­ЪјѓNekoha уџётєютјєућЪТЌЦ,2016/06/24,,2016/06/24,,,,,
­ЪјѓNekoha уџётєютјєућЪТЌЦ,2017/06/14,,2017/06/14,,,,,
­ЪјѓNekoha уџётєютјєућЪТЌЦ,2018/07/03,,2018/07/03,,,,,
­ЪјѓNekoha уџётєютјєућЪТЌЦ,2019/06/22,,2019/06/22,,,,,
­ЪјѓNekoha уџётєютјєућЪТЌЦ,2020/07/10,,2020/07/10,,,,,
­ЪјѓNekoha уџётєютјєућЪТЌЦ,2021/06/29,,2021/06/29,,,,,
­ЪјѓNekoha уџётєютјєућЪТЌЦ,2022/06/18,,2022/06/18,,,,,
­ЪјѓNekoha уџётєютјєућЪТЌЦ,2023/07/07,,2023/07/07,,,,,
­ЪјѓNekoha уџётєютјєућЪТЌЦ,2024/06/25,,2024/06/25,,,,,
­ЪјѓNekoha уџётєютјєућЪТЌЦ,2025/06/15,,2025/06/15,,,,,
­ЪјѓNekoha уџётєютјєућЪТЌЦ,2026/07/04,,2026/07/04,,,,,
­ЪјѓNekoha уџётєютјєућЪТЌЦ,2027/06/24,,2027/06/24,,,,,
­ЪјѓNekoha уџётєютјєућЪТЌЦ,2028/06/12,,2028/06/12,,,,,
­ЪјѓNekoha уџётєютјєућЪТЌЦ,2029/07/01,,2029/07/01,,,,,
­ЪјѓNekoha уџётєютјєућЪТЌЦ,2030/06/20,,2030/06/20,,,,,
­ЪјѓNekoha уџётєютјєућЪТЌЦ,2031/07/09,,2031/07/09,,,,,
­ЪјѓNekoha уџётєютјєућЪТЌЦ,2032/06/27,,2032/06/27,,,,,
­ЪјѓNekoha уџётєютјєућЪТЌЦ,2033/06/16,,2033/06/16,,,,,
­ЪјѓNekoha уџётєютјєућЪТЌЦ,2034/07/05,,2034/07/05,,,,,
­ЪјѓNekoha уџётєютјєућЪТЌЦ,2035/06/25,,2035/06/25,,,,,
­ЪјѓNekoha уџётєютјєућЪТЌЦ,2036/06/14,,2036/06/14,,,,,
­ЪјѓNekoha уџётєютјєућЪТЌЦ,2037/07/03,,2037/07/03,,,,,
­ЪјѓNekoha уџётєютјєућЪТЌЦ,2038/06/22,,2038/06/22,,,,,
­ЪјѓNekoha уџётєютјєућЪТЌЦ,2039/06/11,,2039/06/11,,,,,
­ЪјѓNekoha уџётєютјєућЪТЌЦ,2040/06/29,,2040/06/29,,,,,
­ЪјѓNekoha уџётєютјєућЪТЌЦ,2041/06/18,,2041/06/18,,,,,
­ЪјѓNekoha уџётєютјєућЪТЌЦ,2042/07/07,,2042/07/07,,,,,
­ЪјѓNekoha уџётєютјєућЪТЌЦ,2043/06/26,,2043/06/26,,,,,
­ЪјѓNekoha уџётєютјєућЪТЌЦ,2044/06/15,,2044/06/15,,,,,
­ЪјѓNekoha уџётєютјєућЪТЌЦ,2045/07/04,,2045/07/04,,,,,
­ЪјѓNekoha уџётєютјєућЪТЌЦ,2046/06/23,,2046/06/23,,,,,
­ЪјѓNekoha уџётєютјєућЪТЌЦ,2047/06/13,,2047/06/13,,,,,
­ЪјѓNekoha уџётєютјєућЪТЌЦ,2048/06/30,,2048/06/30,,,,,
­ЪјѓNekoha уџётєютјєућЪТЌЦ,2049/06/19,,2049/06/19,,,,,
­ЪјѓNekoha уџётєютјєућЪТЌЦ,2050/07/08,,2050/07/08,,,,,
­ЪјѓNekoha уџётєютјєућЪТЌЦ,2051/06/28,,2051/06/28,,,,,
­ЪјѓNekoha уџётєютјєућЪТЌЦ,2052/06/16,,2052/06/16,,,,,
­ЪјѓNekoha уџётєютјєућЪТЌЦ,2053/07/05,,2053/07/05,,,,,
­ЪјѓNekoha уџётєютјєућЪТЌЦ,2054/06/25,,2054/06/25,,,,,
­ЪјѓNekoha уџётєютјєућЪТЌЦ,2055/06/14,,2055/06/14,,,,,
­ЪјѓNekoha уџётєютјєућЪТЌЦ,2056/07/02,,2056/07/02,,,,,
­ЪјѓNekoha уџётєютјєућЪТЌЦ,2057/06/21,,2057/06/21,,,,,
­ЪјѓNekoha уџётєютјєућЪТЌЦ,2058/07/10,,2058/07/10,,,,,
­ЪјѓNekoha уџётєютјєућЪТЌЦ,2059/06/29,,2059/06/29,,,,,
­ЪјѓNekoha уџётєютјєућЪТЌЦ,2060/06/18,,2060/06/18,,,,,
­ЪјѓNekoha уџётєютјєућЪТЌЦ,2061/07/07,,2061/07/07,,,,,
­ЪјѓNekoha уџётєютјєућЪТЌЦ,2062/06/26,,2062/06/26,,,,,
­ЪјѓNekoha уџётєютјєућЪТЌЦ,2063/06/16,,2063/06/16,,,,,
­ЪјѓNekoha уџётєютјєућЪТЌЦ,2064/07/04,,2064/07/04,,,,,
­ЪјѓNekoha уџётєютјєућЪТЌЦ,2065/06/23,,2065/06/23,,,,,
­ЪјѓNekoha уџётєютјєућЪТЌЦ,2066/06/12,,2066/06/12,,,,,
­ЪјѓNekoha уџётєютјєућЪТЌЦ,2067/07/01,,2067/07/01,,,,,
­ЪјѓNekoha уџётєютјєућЪТЌЦ,2068/06/19,,2068/06/19,,,,,
­ЪјѓNekoha уџётєютјєућЪТЌЦ,2069/07/08,,2069/07/08,,,,,
­ЪјѓNekoha уџётєютјєућЪТЌЦ,2070/06/28,,2070/06/28,,,,,
­ЪјѓNekoha уџётєютјєућЪТЌЦ,2071/06/17,,2071/06/17,,,,,
­ЪјѓNekoha уџётєютјєућЪТЌЦ,2072/07/05,,2072/07/05,,,,,
­ЪјѓNekoha уџётєютјєућЪТЌЦ,2073/06/25,,2073/06/25,,,,,
­ЪјѓNekoha уџётєютјєућЪТЌЦ,2074/06/14,,2074/06/14,,,,,
­ЪјѓNekoha уџётєютјєућЪТЌЦ,2075/07/02,,2075/07/02,,,,,
­ЪјѓNekoha уџётєютјєућЪТЌЦ,2076/06/21,,2076/06/21,,,,,
­ЪјѓNekoha уџётєютјєућЪТЌЦ,2077/07/09,,2077/07/09,,,,,
­ЪјѓNekoha уџётєютјєућЪТЌЦ,2078/06/29,,2078/06/29,,,,,
­ЪјѓNekoha уџётєютјєућЪТЌЦ,2079/06/19,,2079/06/19,,,,,
­ЪјѓNekoha уџётєютјєућЪТЌЦ,2080/07/07,,2080/07/07,,,,,
­ЪјѓNekoha уџётєютјєућЪТЌЦ,2081/06/26,,2081/06/26,,,,,
­ЪјѓNekoha уџётєютјєућЪТЌЦ,2082/06/16,,2082/06/16,,,,,
­ЪјѓNekoha уџётєютјєућЪТЌЦ,2083/07/04,,2083/07/04,,,,,
­ЪјѓNekoha уџётєютјєућЪТЌЦ,2084/06/22,,2084/06/22,,,,,
­ЪјѓNekoha уџётєютјєућЪТЌЦ,2085/06/11,,2085/06/11,,,,,
­ЪјѓNekoha уџётєютјєућЪТЌЦ,2086/06/30,,2086/06/30,,,,,
­ЪјѓNekoha уџётєютјєућЪТЌЦ,2087/06/20,,2087/06/20,,,,,
­ЪјѓNekoha уџётєютјєућЪТЌЦ,2088/07/08,,2088/07/08,,,,,
­ЪјѓNekoha уџётєютјєућЪТЌЦ,2089/06/28,,2089/06/28,,,,,
­ЪјѓNekoha уџётєютјєућЪТЌЦ,2090/06/17,,2090/06/17,,,,,
­ЪјѓNekoha уџётєютјєућЪТЌЦ,2091/07/06,,2091/07/06,,,,,
­ЪјѓNekoha уџётєютјєућЪТЌЦ,2092/06/24,,2092/06/24,,,,,
­ЪјѓNekoha уџётєютјєућЪТЌЦ,2093/06/13,,2093/06/13,,,,,
­ЪјѓNekoha уџётєютјєућЪТЌЦ,2094/07/02,,2094/07/02,,,,,
­ЪјѓNekoha уџётєютјєућЪТЌЦ,2095/06/21,,2095/06/21,,,,,
­ЪјѓNekoha уџётєютјєућЪТЌЦ,2096/07/09,,2096/07/09,,,,,
­ЪјѓNekoha уџётєютјєућЪТЌЦ,2097/06/29,,2097/06/29,,,,,
­ЪјѓNekoha уџётєютјєућЪТЌЦ,2098/06/19,,2098/06/19,,,,,
­ЪјѓNekoha уџётєютјєућЪТЌЦ,2099/07/08,,2099/07/08,,,,,
­ЪјѓNekoha уџётєютјєућЪТЌЦ,2100/06/27,,2100/06/27,,,,,
­ЪјѓRikkaуџётєютјєућЪТЌЦ,2002/12/05,,2002/12/05,,,,,
­ЪјѓRikkaуџётєютјєућЪТЌЦ,2003/11/25,,2003/11/25,,,,,
­ЪјѓRikkaуџётєютјєућЪТЌЦ,2004/12/13,,2004/12/13,,,,,
­ЪјѓRikkaуџётєютјєућЪТЌЦ,2005/12/02,,2005/12/02,,,,,
­ЪјѓRikkaуџётєютјєућЪТЌЦ,2006/12/21,,2006/12/21,,,,,
­ЪјѓRikkaуџётєютјєућЪТЌЦ,2007/12/11,,2007/12/11,,,,,
­ЪјѓRikkaуџётєютјєућЪТЌЦ,2008/11/29,,2008/11/29,,,,,
­ЪјѓRikkaуџётєютјєућЪТЌЦ,2009/12/17,,2009/12/17,,,,,
­ЪјѓRikkaуџётєютјєућЪТЌЦ,2010/12/07,,2010/12/07,,,,,
­ЪјѓRikkaуџётєютјєућЪТЌЦ,2011/11/26,,2011/11/26,,,,,
­ЪјѓRikkaуџётєютјєућЪТЌЦ,2012/12/14,,2012/12/14,,,,,
­ЪјѓRikkaуџётєютјєућЪТЌЦ,2013/12/04,,2013/12/04,,,,,
­ЪјѓRikkaуџётєютјєућЪТЌЦ,2014/12/23,,2014/12/23,,,,,
­ЪјѓRikkaуџётєютјєућЪТЌЦ,2015/12/12,,2015/12/12,,,,,
­ЪјѓRikkaуџётєютјєућЪТЌЦ,2016/11/30,,2016/11/30,,,,,
­ЪјѓRikkaуџётєютјєућЪТЌЦ,2017/12/19,,2017/12/19,,,,,
­ЪјѓRikkaуџётєютјєућЪТЌЦ,2018/12/08,,2018/12/08,,,,,
­ЪјѓRikkaуџётєютјєућЪТЌЦ,2019/11/27,,2019/11/27,,,,,
­ЪјѓRikkaуџётєютјєућЪТЌЦ,2020/12/16,,2020/12/16,,,,,
­ЪјѓRikkaуџётєютјєућЪТЌЦ,2021/12/05,,2021/12/05,,,,,
­ЪјѓRikkaуџётєютјєућЪТЌЦ,2022/11/25,,2022/11/25,,,,,
­ЪјѓRikkaуџётєютјєућЪТЌЦ,2023/12/14,,2023/12/14,,,,,
­ЪјѓRikkaуџётєютјєућЪТЌЦ,2024/12/02,,2024/12/02,,,,,
­ЪјѓRikkaуџётєютјєућЪТЌЦ,2025/12/21,,2025/12/21,,,,,
­ЪјѓRikkaуџётєютјєућЪТЌЦ,2026/12/10,,2026/12/10,,,,,
­ЪјѓRikkaуџётєютјєућЪТЌЦ,2027/11/29,,2027/11/29,,,,,
­ЪјѓRikkaуџётєютјєућЪТЌЦ,2028/12/17,,2028/12/17,,,,,
­ЪјѓRikkaуџётєютјєућЪТЌЦ,2029/12/06,,2029/12/06,,,,,
­ЪјѓRikkaуџётєютјєућЪТЌЦ,2030/11/26,,2030/11/26,,,,,
­ЪјѓRikkaуџётєютјєућЪТЌЦ,2031/12/15,,2031/12/15,,,,,
­ЪјѓRikkaуџётєютјєућЪТЌЦ,2032/12/04,,2032/12/04,,,,,
­ЪјѓRikkaуџётєютјєућЪТЌЦ,2033/11/23,,2033/11/23,,,,,
­ЪјѓRikkaуџётєютјєућЪТЌЦ,2034/12/12,,2034/12/12,,,,,
­ЪјѓRikkaуџётєютјєућЪТЌЦ,2035/12/01,,2035/12/01,,,,,
­ЪјѓRikkaуџётєютјєућЪТЌЦ,2036/12/18,,2036/12/18,,,,,
­ЪјѓRikkaуџётєютјєућЪТЌЦ,2037/12/08,,2037/12/08,,,,,
­ЪјѓRikkaуџётєютјєућЪТЌЦ,2038/11/27,,2038/11/27,,,,,
­ЪјѓRikkaуџётєютјєућЪТЌЦ,2039/12/17,,2039/12/17,,,,,
­ЪјѓRikkaуџётєютјєућЪТЌЦ,2040/12/05,,2040/12/05,,,,,
­ЪјѓRikkaуџётєютјєућЪТЌЦ,2041/11/25,,2041/11/25,,,,,
­ЪјѓRikkaуџётєютјєућЪТЌЦ,2042/12/13,,2042/12/13,,,,,
­ЪјѓRikkaуџётєютјєућЪТЌЦ,2043/12/02,,2043/12/02,,,,,
­ЪјѓRikkaуџётєютјєућЪТЌЦ,2044/12/20,,2044/12/20,,,,,
­ЪјѓRikkaуџётєютјєућЪТЌЦ,2045/12/09,,2045/12/09,,,,,
­ЪјѓRikkaуџётєютјєућЪТЌЦ,2046/11/29,,2046/11/29,,,,,
­ЪјѓRikkaуџётєютјєућЪТЌЦ,2047/12/18,,2047/12/18,,,,,
­ЪјѓRikkaуџётєютјєућЪТЌЦ,2048/12/06,,2048/12/06,,,,,
­ЪјѓRikkaуџётєютјєућЪТЌЦ,2049/11/26,,2049/11/26,,,,,
­ЪјѓRikkaуџётєютјєућЪТЌЦ,2050/12/15,,2050/12/15,,,,,
­ЪјѓRikkaуџётєютјєућЪТЌЦ,2051/12/04,,2051/12/04,,,,,
­ЪјѓRikkaуџётєютјєућЪТЌЦ,2052/12/22,,2052/12/22,,,,,
­ЪјѓRikkaуџётєютјєућЪТЌЦ,2053/12/11,,2053/12/11,,,,,
­ЪјѓRikkaуџётєютјєућЪТЌЦ,2054/11/30,,2054/11/30,,,,,
­ЪјѓRikkaуџётєютјєућЪТЌЦ,2055/12/19,,2055/12/19,,,,,
­ЪјѓRikkaуџётєютјєућЪТЌЦ,2056/12/08,,2056/12/08,,,,,
­ЪјѓRikkaуџётєютјєућЪТЌЦ,2057/11/27,,2057/11/27,,,,,
­ЪјѓRikkaуџётєютјєућЪТЌЦ,2058/12/17,,2058/12/17,,,,,
­ЪјѓRikkaуџётєютјєућЪТЌЦ,2059/12/06,,2059/12/06,,,,,
­ЪјѓRikkaуџётєютјєућЪТЌЦ,2060/11/24,,2060/11/24,,,,,
­ЪјѓRikkaуџётєютјєућЪТЌЦ,2061/12/13,,2061/12/13,,,,,
­ЪјѓRikkaуџётєютјєућЪТЌЦ,2062/12/02,,2062/12/02,,,,,
­ЪјѓRikkaуџётєютјєућЪТЌЦ,2063/12/21,,2063/12/21,,,,,
­ЪјѓRikkaуџётєютјєућЪТЌЦ,2064/12/09,,2064/12/09,,,,,
­ЪјѓRikkaуџётєютјєућЪТЌЦ,2065/11/29,,2065/11/29,,,,,
­ЪјѓRikkaуџётєютјєућЪТЌЦ,2066/12/18,,2066/12/18,,,,,
­ЪјѓRikkaуџётєютјєућЪТЌЦ,2067/12/07,,2067/12/07,,,,,
­ЪјѓRikkaуџётєютјєућЪТЌЦ,2068/11/26,,2068/11/26,,,,,
­ЪјѓRikkaуџётєютјєућЪТЌЦ,2069/12/15,,2069/12/15,,,,,
­ЪјѓRikkaуџётєютјєућЪТЌЦ,2070/12/04,,2070/12/04,,,,,
­ЪјѓRikkaуџётєютјєућЪТЌЦ,2071/12/22,,2071/12/22,,,,,
­ЪјѓRikkaуџётєютјєућЪТЌЦ,2072/12/11,,2072/12/11,,,,,
­ЪјѓRikkaуџётєютјєућЪТЌЦ,2073/11/30,,2073/11/30,,,,,
­ЪјѓRikkaуџётєютјєућЪТЌЦ,2074/12/19,,2074/12/19,,,,,
­ЪјѓRikkaуџётєютјєућЪТЌЦ,2075/12/09,,2075/12/09,,,,,
­ЪјѓRikkaуџётєютјєућЪТЌЦ,2076/11/27,,2076/11/27,,,,,
­ЪјѓRikkaуџётєютјєућЪТЌЦ,2077/12/16,,2077/12/16,,,,,
­ЪјѓRikkaуџётєютјєућЪТЌЦ,2078/12/05,,2078/12/05,,,,,
­ЪјѓRikkaуџётєютјєућЪТЌЦ,2079/11/24,,2079/11/24,,,,,
­ЪјѓRikkaуџётєютјєућЪТЌЦ,2080/12/12,,2080/12/12,,,,,
­ЪјѓRikkaуџётєютјєућЪТЌЦ,2081/12/01,,2081/12/01,,,,,
­ЪјѓRikkaуџётєютјєућЪТЌЦ,2082/12/20,,2082/12/20,,,,,
­ЪјѓRikkaуџётєютјєућЪТЌЦ,2083/12/10,,2083/12/10,,,,,
­ЪјѓRikkaуџётєютјєућЪТЌЦ,2084/11/29,,2084/11/29,,,,,
­ЪјѓRikkaуџётєютјєућЪТЌЦ,2085/12/18,,2085/12/18,,,,,
­ЪјѓRikkaуџётєютјєућЪТЌЦ,2086/12/07,,2086/12/07,,,,,
­ЪјѓRikkaуџётєютјєућЪТЌЦ,2087/11/26,,2087/11/26,,,,,
­ЪјѓRikkaуџётєютјєућЪТЌЦ,2088/12/14,,2088/12/14,,,,,
­ЪјѓRikkaуџётєютјєућЪТЌЦ,2089/12/03,,2089/12/03,,,,,
­ЪјѓRikkaуџётєютјєућЪТЌЦ,2090/12/22,,2090/12/22,,,,,
­ЪјѓRikkaуџётєютјєућЪТЌЦ,2091/12/11,,2091/12/11,,,,,
­ЪјѓRikkaуџётєютјєућЪТЌЦ,2092/11/30,,2092/11/30,,,,,
­ЪјѓRikkaуџётєютјєућЪТЌЦ,2093/12/19,,2093/12/19,,,,,
­ЪјѓRikkaуџётєютјєућЪТЌЦ,2094/12/09,,2094/12/09,,,,,
­ЪјѓRikkaуџётєютјєућЪТЌЦ,2095/11/28,,2095/11/28,,,,,
­ЪјѓRikkaуџётєютјєућЪТЌЦ,2096/12/16,,2096/12/16,,,,,
­ЪјѓRikkaуџётєютјєућЪТЌЦ,2097/12/05,,2097/12/05,,,,,
­ЪјѓRikkaуџётєютјєућЪТЌЦ,2098/11/24,,2098/11/24,,,,,
­ЪјѓRikkaуџётєютјєућЪТЌЦ,2099/12/13,,2099/12/13,,,,,
­ЪјѓRikkaуџётєютјєућЪТЌЦ,2100/12/02,,2100/12/02,,,,,
